document_type,title,date,content,audience
Board Report,Q3 2024 Board Report - Revenue Decline Analysis,2024-10-15,"AnyCompany experienced a 15% revenue decline in Q3 2024 compared to Q2 2024 ($6.6M vs $7.8M). Root causes identified: (1) Three large North America enterprise accounts delayed renewals to Q4 citing internal budget freeze cycles - combined value $1.2M. (2) EMEA region impacted by UK financial services client budget freeze worth $180K. (3) Professional Services delivery capacity constrained by 2 senior consultant departures in July - estimated $320K revenue deferred. (4) Hardware supply chain disruption reduced margins to 5.7%. Management actions: accelerated Q4 pipeline, contractor backfill approved, supply chain diversification initiated.",Executive Leadership
Board Report,Q3 2024 Board Report - Operating Expense Spike,2024-10-15,"Q3 2024 operating expenses increased 8.4% vs Q2 despite revenue decline creating significant margin compression (26.9% to 6.9% net margin). Key drivers: Engineering over budget by $150K due to 3 accelerated senior hires for AI product roadmap and contractor surge. Sales over budget by $140K due to commission overrun on late-quarter deals and accelerated SDR hiring. Marketing over budget by $90K for digital campaign supporting product launch. G&A over budget by $40K for legal fees related to contract disputes. Total overrun: $420K. CFO has implemented monthly budget review cadence for Q4.",Executive Leadership
Strategy Memo,Product Strategy Q4 2024 - Hardware Division Review,2024-11-01,"Following Q3 2024 Hardware margin decline to 5.7% (vs 14.3% in Q2), the Product Strategy team recommends: (1) Reduce hardware SKU count from 12 to 6 by EOY 2024 focusing on highest-margin peripherals. (2) Negotiate new supplier contracts targeting 8% COGS reduction. (3) Evaluate strategic options including potential divestiture of hardware division by Q2 2025 if margins do not recover to 12%+ threshold. (4) Redirect hardware R&D budget ($80K/quarter) to Cloud Subscriptions platform. Decision required from leadership by December 2024.",Product Leadership
Strategy Memo,Cloud Subscriptions Growth Strategy 2025,2024-12-01,"Cloud Subscriptions achieved 58.3% gross margin in Q4 2024 making it our highest-margin product line. 2025 strategy: (1) Launch Enterprise tier at $50K ARR targeting 20 new logos. (2) Expand platform integrations (Salesforce, SAP, Workday) to increase stickiness. (3) Invest $200K in self-service onboarding to reduce Professional Services dependency. (4) Target 35% revenue growth in Cloud Subscriptions to reach $3.5M ARR by Q4 2025. This aligns with board directive to increase recurring revenue mix from 22% to 35% of total revenue.",Product Leadership
Market Analysis,APAC Market Analysis Q4 2024,2024-11-15,"APAC delivered 22.1% revenue growth in Q4 2024 driven by India (+29.2%) and Singapore (+23.1%). India growth driven by 3 new System Integrator partnerships signed in Q3. Singapore growth driven by regional HQ expansion of 2 multinational clients. Japan remains stable at 10.5% growth. Australia government sector expansion contributing consistent 8-10% quarterly growth. Recommendation: Increase APAC headcount investment by 4 FTEs in India and Singapore in H1 2025. Projected APAC revenue: $6.2M in 2025 vs $4.39M in 2024 (41% growth).",Regional Leadership
Accounting Policy,Software License Classification Policy,2024-01-01,"Per AnyCompany accounting policy effective January 2024: Software licenses under $10K annual value should be expensed as G&A operating expenses in the period incurred. Software licenses $10K-$100K annual value should be capitalized as intangible assets and amortized over the license term (typically 1-3 years). Software licenses over $100K require CFO approval and are capitalized with straight-line amortization. The $45K/month software license line item in G&A represents approximately 15 individual SaaS tools including Salesforce ($18K/month), Workday ($12K/month), and various engineering tools ($15K/month combined). All are expensed as operating costs per policy.",Finance Team
Accounting Policy,Revenue Recognition Policy,2024-01-01,"AnyCompany follows ASC 606 revenue recognition. Enterprise Software licenses: recognized ratably over contract term (typically 12-36 months). Professional Services: recognized as services are delivered using percentage-of-completion method. Cloud Subscriptions: recognized monthly as service is consumed. Hardware: recognized at point of delivery. Multi-element arrangements: allocated based on standalone selling price. Deferred revenue represents contracted but unrecognized amounts - $2.1M as of Q3 2024.",Finance Team
Accounting Policy,Budget Variance Escalation Policy,2024-01-01,"Department heads must escalate to CFO when: (1) Monthly variance exceeds 5% of quarterly budget. (2) Cumulative quarterly variance exceeds 8% of quarterly budget. (3) Any unplanned headcount addition. Escalation requires written justification and revised forecast. Q3 2024 Engineering ($150K / 8.3%) and Sales ($140K / 14.3%) variances both required CFO escalation per this policy. Finance Business Partners assigned to each department conduct weekly budget reviews.",Finance Team
Executive Summary,Annual Financial Summary 2024,2025-01-15,"AnyCompany FY2024 Financial Summary: Total Revenue $27.01M (vs $22.4M in 2023, +20.6% YoY). Total Expenses $21.44M (+18.2% YoY). Net Profit $5.57M (vs $4.2M in 2023, +32.6% YoY). Average Net Margin 20.6% (vs 18.8% in 2023). Best quarter: Q4 2024 at $7.44M revenue and 29.4% margin. Challenging quarter: Q3 2024 at $6.6M revenue and 6.9% margin. Revenue by region: North America 48%, EMEA 26%, APAC 16%, LATAM 6%. Revenue by product: Enterprise Software 42%, Professional Services 28%, Cloud Subscriptions 14%, Hardware 8%, Other 8%. Key achievements: Cloud Subscriptions grew 23.5% YoY. APAC grew 29.6% YoY. Net Promoter Score improved from 42 to 51.",Executive Leadership
FAQ,Common Finance Questions and Answers,2024-01-01,"Q: What caused the Q3 2024 revenue decline? A: Three factors: delayed enterprise renewals in North America ($1.2M), EMEA client budget freeze ($180K), and Professional Services capacity constraints ($320K deferred). Q: Why did Q3 expenses spike? A: Engineering accelerated 3 senior hires, Sales had commission overrun, Marketing ran product launch campaign - total $420K over budget. Q: Which region is growing fastest? A: APAC at 29.6% YoY in 2024, led by India (62% YoY) and Singapore (78% YoY). Q: What is our most profitable product? A: Cloud Subscriptions at 58.3% gross margin in Q4 2024. Q: What is our revenue target for 2025? A: $34M total revenue representing 26% growth, with Cloud Subscriptions reaching $3.5M ARR. Q: How should software licenses be classified? A: Under $10K/year as G&A OpEx, $10K-$100K capitalized and amortized, over $100K requires CFO approval.",All Users
